-- Customers
INSERT INTO customers (first_name, last_name, email, phone, loyalty_points) VALUES
('Иван', 'Петров', 'ivan.petrov@email.com', '+79161234567', 150),
('Мария', 'Сидорова', 'maria.sidorova@email.com', '+79162345678', 300),
('Алексей', 'Кузнецов', 'alex.kuznetsov@email.com', '+79163456789', 75),
('Екатерина', 'Васильева', 'ekaterina.vasilieva@email.com', '+79164567890', 500),
('Дмитрий', 'Смирнов', 'dmitry.smirnov@email.com', '+79165678901', 200),
('Ольга', 'Попова', 'olga.popova@email.com', '+79166789012', 50),
('Сергей', 'Лебедев', 'sergey.lebedev@email.com', '+79167890123', 400),
('Анна', 'Новикова', 'anna.novikova@email.com', '+79168901234', 250),
('Михаил', 'Морозов', 'mikhail.morozov@email.com', '+79169012345', 100),
('Наталья', 'Волкова', 'natalia.volkova@email.com', '+79160123456', 350),
('Андрей', 'Соловьев', 'andrey.soloviev@email.com', '+79161234560', 180),
('Ирина', 'Романова', 'irina.romanova@email.com', '+79162345671', 220),
('Павел', 'Орлов', 'pavel.orlov@email.com', '+79163456782', 90),
('Светлана', 'Андреева', 'svetlana.andreeva@email.com', '+79164567893', 280),
('Виктор', 'Зайцев', 'viktor.zaytsev@email.com', '+79165678904', 120),
('Юлия', 'Павлова', 'yulia.pavlova@email.com', '+79166789015', 190),
('Александр', 'Семенов', 'alexander.semenov@email.com', '+79167890126', 320),
('Елена', 'Голубева', 'elena.golubeva@email.com', '+79168901237', 140),
('Роман', 'Виноградов', 'roman.vinogradov@email.com', '+79169012348', 260),
('Татьяна', 'Белова', 'tatiana.belova@email.com', '+79160123459', 170),
('Артем', 'Комаров', 'artem.komarov@email.com', '+79161234561', 230);

-- Categories
INSERT INTO categories (name, description, parent_category_id) VALUES
('Электроника', 'Все виды электронных устройств', NULL),
('Компьютеры и ноутбуки', 'Компьютерная техника', 1),
('Смартфоны и гаджеты', 'Мобильные устройства', 1),
('Телевизоры и аудио', 'Телевизоры и аудиосистемы', 1),
('Ноутбуки', 'Портативные компьютеры', 2),
('Игровые ноутбуки', 'Ноутбуки для игр', 5),
('Ультрабуки', 'Легкие и тонкие ноутбуки', 5),
('Смартфоны', 'Мобильные телефоны', 3),
('Планшеты', 'Планшетные компьютеры', 3),
('Умные часы', 'Смарт-часы и фитнес-трекеры', 3),
('Телевизоры', 'Телевизоры всех размеров', 4),
('Soundbar', 'Аудиосистемы для ТВ', 4),
('Наушники', 'Беспроводные и проводные наушники', 4),
('Игровые консоли', 'Игровые приставки', 1),
('Фототехника', 'Фотоаппараты и объективы', 1),
('Компьютерные комплектующие', 'Комплектующие для ПК', 2),
('Мониторы', 'Компьютерные мониторы', 2),
('Периферия', 'Клавиатуры, мыши и др.', 2),
('Сетевое оборудование', 'Роутеры и коммутаторы', 2),
('Аксессуары', 'Аксессуары для электроники', 1);

-- Products
INSERT INTO products (name, description, price, stock_quantity, category_id, manufacturer, weight_kg) VALUES
('MacBook Pro 16"', 'Ноутбук Apple с процессором M2 Pro', 249999, 8, 6, 'Apple', 2.1),
('iPhone 15 Pro', 'Смартфон Apple с камерой 48 МП', 99999, 15, 8, 'Apple', 0.187),
('Samsung Galaxy S23', 'Флагманский смартфон Samsung', 79999, 12, 8, 'Samsung', 0.168),
('Sony WH-1000XM5', 'Беспроводные наушники с шумоподавлением', 29999, 20, 13, 'Sony', 0.25),
('PlayStation 5', 'Игровая консоль нового поколения', 49999, 5, 14, 'Sony', 4.5),
('Xbox Series X', 'Мощная игровая консоль', 45999, 7, 14, 'Microsoft', 4.4),
('iPad Pro 12.9"', 'Планшет Apple с дисплеем Liquid Retina', 89999, 10, 9, 'Apple', 0.682),
('Samsung QLED 65"', 'Телевизор 4K QLED с HDR', 129999, 6, 11, 'Samsung', 23.5),
('Dell XPS 13', 'Ультрабук с безрамочным дисплеем', 89999, 9, 7, 'Dell', 1.2),
('ASUS ROG Strix', 'Игровой ноутбук с RTX 4070', 149999, 4, 6, 'ASUS', 2.3),
('Apple Watch Series 8', 'Умные часы с функцией ECG', 39999, 18, 10, 'Apple', 0.032),
('Canon EOS R6', 'Беззеркальная камера полного кадра', 159999, 3, 15, 'Canon', 0.68),
('Nikon Z7 II', 'Профессиональная беззеркальная камера', 189999, 2, 15, 'Nikon', 0.705),
('Sony A7 IV', 'Полнокадровая камера с 33 МП', 169999, 4, 15, 'Sony', 0.658),
('LG OLED 55"', 'Телевизор OLED с технологией AI', 99999, 8, 11, 'LG', 18.2),
('Bose QuietComfort 45', 'Наушники с активным шумоподавлением', 27999, 15, 13, 'Bose', 0.238),
('Samsung Galaxy Tab S8', 'Планшет с S-Pen в комплекте', 69999, 11, 9, 'Samsung', 0.503),
('Microsoft Surface Pro 9', 'Трансформер 2-в-1', 109999, 7, 9, 'Microsoft', 0.878),
('GoPro Hero 11', 'Экшн-камера с стабилизацией', 39999, 20, 15, 'GoPro', 0.153),
('Razer BlackWidow', 'Механическая игровая клавиатура', 12999, 25, 18, 'Razer', 1.1),
('Logitech MX Master 3', 'Беспроводная мышь для дизайнеров', 8999, 30, 18, 'Logitech', 0.141),
('Apple AirPods Pro', 'Наушники с пространственным аудио', 24999, 22, 13, 'Apple', 0.045);

-- Orders
INSERT INTO orders (customer_id, order_date, status, total_amount, shipping_address) VALUES
(1, '2024-01-15 10:30:00', 'delivered', 249999, 'Москва, ул. Тверская, д. 1, кв. 5'),
(3, '2024-01-16 14:20:00', 'processing', 179998, 'Санкт-Петербург, Невский пр., д. 10'),
(5, '2024-01-17 09:15:00', 'shipped', 49999, 'Екатеринбург, ул. Ленина, д. 25'),
(2, '2024-01-18 16:45:00', 'pending', 89999, 'Новосибирск, Красный пр., д. 15'),
(7, '2024-01-19 11:30:00', 'delivered', 129999, 'Казань, ул. Баумана, д. 7'),
(4, '2024-01-20 13:00:00', 'processing', 39999, 'Ростов-на-Дону, ул. Большая Садовая, д. 3'),
(6, '2024-01-21 15:20:00', 'shipped', 149999, 'Владивосток, ул. Светланская, д. 12'),
(8, '2024-01-22 10:45:00', 'delivered', 79999, 'Краснодар, ул. Красная, д. 8'),
(10, '2024-01-23 14:30:00', 'processing', 29999, 'Сочи, ул. Навагинская, д. 4'),
(9, '2024-01-24 09:00:00', 'pending', 159999, 'Нижний Новгород, ул. Большая Покровская, д. 2'),
(11, '2024-01-25 16:15:00', 'shipped', 189999, 'Самара, ул. Куйбышева, д. 9'),
(12, '2024-01-26 11:45:00', 'delivered', 169999, 'Уфа, ул. Ленина, д. 6'),
(13, '2024-01-27 13:20:00', 'processing', 99999, 'Пермь, ул. Сибирская, д. 11'),
(14, '2024-01-28 15:00:00', 'cancelled', 27999, 'Воронеж, пр. Революции, д. 14'),
(15, '2024-01-29 10:30:00', 'delivered', 69999, 'Волгоград, пр. Ленина, д. 13'),
(16, '2024-01-30 14:45:00', 'processing', 109999, 'Красноярск, ул. Карла Маркса, д. 5'),
(17, '2024-01-31 09:20:00', 'shipped', 39999, 'Саратов, ул. Московская, д. 7'),
(18, '2024-02-01 16:00:00', 'delivered', 12999, 'Тюмень, ул. Республики, д. 8'),
(19, '2024-02-02 11:15:00', 'processing', 8999, 'Иркутск, ул. Лермонтова, д. 3'),
(20, '2024-02-03 13:45:00', 'pending', 24999, 'Омск, ул. Ленина, д. 10'),
(21, '2024-02-04 15:30:00', 'shipped', 349998, 'Томск, пр. Кирова, д. 4');

-- Order Items
INSERT INTO order_items (order_id, product_id, quantity, unit_price, discount) VALUES
(1, 1, 1, 249999, 0),
(2, 2, 1, 99999, 0),
(2, 20, 1, 12999, 10),
(3, 5, 1, 49999, 5),
(4, 7, 1, 89999, 0),
(5, 8, 1, 129999, 0),
(6, 11, 1, 39999, 0),
(7, 10, 1, 149999, 0),
(8, 3, 1, 79999, 0),
(9, 4, 1, 29999, 0),
(10, 12, 1, 159999, 0),
(11, 13, 1, 189999, 0),
(12, 14, 1, 169999, 0),
(13, 15, 1, 99999, 0),
(14, 16, 1, 27999, 0),
(15, 17, 1, 69999, 0),
(16, 18, 1, 109999, 0),
(17, 19, 1, 39999, 0),
(18, 20, 1, 12999, 0),
(19, 21, 1, 8999, 0),
(20, 22, 1, 24999, 0),
(21, 1, 1, 249999, 5),
(21, 2, 1, 99999, 0);

-- Payments
INSERT INTO payments (order_id, payment_method, amount, payment_date, status) VALUES
(1, 'credit_card', 249999, '2024-01-15 10:35:00', 'completed'),
(2, 'paypal', 179998, '2024-01-16 14:25:00', 'completed'),
(3, 'bank_transfer', 49999, '2024-01-17 09:20:00', 'completed'),
(4, 'credit_card', 89999, '2024-01-18 16:50:00', 'pending'),
(5, 'paypal', 129999, '2024-01-19 11:35:00', 'completed'),
(6, 'credit_card', 39999, '2024-01-20 13:05:00', 'completed'),
(7, 'bank_transfer', 149999, '2024-01-21 15:25:00', 'completed'),
(8, 'paypal', 79999, '2024-01-22 10:50:00', 'completed'),
(9, 'credit_card', 29999, '2024-01-23 14:35:00', 'completed'),
(10, 'bank_transfer', 159999, '2024-01-24 09:05:00', 'pending'),
(11, 'paypal', 189999, '2024-01-25 16:20:00', 'completed'),
(12, 'credit_card', 169999, '2024-01-26 11:50:00', 'completed'),
(13, 'bank_transfer', 99999, '2024-01-27 13:25:00', 'completed'),
(14, 'credit_card', 27999, '2024-01-28 15:05:00', 'refunded'),
(15, 'paypal', 69999, '2024-01-29 10:35:00', 'completed'),
(16, 'credit_card', 109999, '2024-01-30 14:50:00', 'completed'),
(17, 'bank_transfer', 39999, '2024-01-31 09:25:00', 'completed'),
(18, 'paypal', 12999, '2024-02-01 16:05:00', 'completed'),
(19, 'credit_card', 8999, '2024-02-02 11:20:00', 'completed'),
(20, 'bank_transfer', 24999, '2024-02-03 13:50:00', 'pending'),
(21, 'credit_card', 349998, '2024-02-04 15:35:00', 'completed');

-- Reviews
INSERT INTO reviews (product_id, customer_id, rating, comment, review_date) VALUES
(1, 1, 5, 'Отличный ноутбук, все работает идеально!', '2024-01-20 12:00:00'),
(2, 3, 4, 'Хороший телефон, но дорогой', '2024-01-22 14:30:00'),
(4, 9, 5, 'Лучшие наушники которые я пробовал!', '2024-01-25 16:45:00'),
(5, 5, 5, 'PS5 просто огонь!', '2024-01-28 10:20:00'),
(8, 7, 4, 'Телевизор хороший, но подсветка неравномерная', '2024-01-30 15:40:00'),
(11, 6, 5, 'Часы супер, много функций', '2024-02-02 11:15:00'),
(10, 7, 3, 'Ноутбук мощный, но сильно греется', '2024-02-05 09:30:00'),
(3, 8, 4, 'Хороший аналог айфона', '2024-02-07 14:20:00'),
(7, 4, 5, 'Идеальный планшет для работы', '2024-02-10 16:00:00'),
(12, 10, 5, 'Профессиональная камера, отличное качество', '2024-02-12 13:45:00'),
(13, 11, 4, 'Хорошая камера, но тяжелая', '2024-02-15 10:30:00'),
(14, 12, 5, 'Лучшая камера в своем классе', '2024-02-18 15:20:00'),
(15, 13, 3, 'Телевизор хороший, но OS медленная', '2024-02-20 11:40:00'),
(16, 14, 4, 'Наушники удобные, шумоподавление отличное', '2024-02-22 14:15:00'),
(17, 15, 5, 'Планшет превзошел ожидания', '2024-02-25 09:50:00'),
(18, 16, 4, 'Хороший трансформер, но дорогой', '2024-02-27 16:30:00'),
(19, 17, 5, 'Отличная экшн-камера для активного отдыха', '2024-03-01 12:25:00'),
(20, 18, 3, 'Клавиатура так себе, переключатели шумные', '2024-03-03 15:10:00'),
(21, 19, 5, 'Лучшая мышь для дизайнера!', '2024-03-05 10:45:00'),
(22, 20, 4, 'Наушники хорошие, но баса маловато', '2024-03-07 13:20:00');

-- Suppliers
INSERT INTO suppliers (name, contact_email, phone, address) VALUES
('TechSupply Inc', 'contact@techsupply.com', '+74951234567', 'Москва, ул. Промышленная, д. 1'),
('ElectroImport', 'info@electroimport.ru', '+78121234567', 'Санкт-Петербург, пр. Заводской, д. 15'),
('GadgetWorld', 'sales@gadgetworld.com', '+73431234567', 'Екатеринбург, ул. Торговая, д. 7'),
('DigitalPartner', 'partner@digitalpartner.ru', '+73831234567', 'Новосибирск, ул. Электронная, д. 3'),
('Apple Premium Reseller', 'apple@reseller.ru', '+74959876543', 'Москва, ул. Apple, д. 5'),
('Samsung Official', 'samsung@official.ru', '+74957777777', 'Москва, ул. Самсунг, д. 10'),
('Sony Distribution', 'sony@distrib.ru', '+78127777777', 'Санкт-Петербург, ул. Сони, д. 8'),
('Microsoft Partner', 'microsoft@partner.ru', '+73437777777', 'Екатеринбург, ул. Майкрософт, д. 12'),
('GamingGear Ltd', 'gaming@gearltd.com', '+73837777777', 'Новосибирск, ул. Игровая, д. 4'),
('PhotoVideo Pro', 'photo@videopro.ru', '+74958888888', 'Москва, ул. Фото, д. 6'),
('AudioExpert', 'audio@expert.com', '+78128888888', 'Санкт-Петербург, ул. Аудио, д. 9'),
('ComputerLand', 'computers@land.ru', '+73438888888', 'Екатеринбург, ул. Компьютерная, д. 11'),
('MobileTech', 'mobile@tech.ru', '+73838888888', 'Новосибирск, ул. Мобильная, d. 13'),
('AccessoryWorld', 'accessory@world.com', '+74959999999', 'Москва, ул. Аксессуарная, д. 14'),
('WarehousePlus', 'warehouse@plus.ru', '+78129999999', 'Санкт-Петербург, ул. Складская, д. 16'),
('ImportElectro', 'import@electro.ru', '+73439999999', 'Екатеринбург, ул. Импортная, д. 18'),
('TechImport', 'tech@import.com', '+73839999999', 'Новосибирск, ул. Технологическая, д. 20'),
('GlobalGadgets', 'global@gadgets.com', '+74950000000', 'Москва, ул. Глобальная, д. 22'),
('DigitalHub', 'digital@hub.ru', '+78120000000', 'Санкт-Петербург, ул. Цифровая, д. 24'),
('ElectroMarket', 'electro@market.ru', '+73430000000', 'Екатеринбург, ул. Рыночная, д. 26');

-- Product Suppliers
INSERT INTO product_suppliers (product_id, supplier_id, purchase_price) VALUES
(1, 5, 199999),
(2, 5, 79999),
(3, 6, 63999),
(4, 7, 23999),
(5, 7, 39999),
(6, 8, 36799),
(7, 5, 71999),
(8, 6, 103999),
(9, 12, 71999),
(10, 9, 119999),
(11, 5, 31999),
(12, 10, 127999),
(13, 10, 151999),
(14, 7, 135999),
(15, 11, 79999),
(16, 11, 22399),
(17, 6, 55999),
(18, 8, 87999),
(19, 10, 31999),
(20, 9, 10399),
(21, 12, 7199),
(22, 5, 19999);

-- Warehouses
INSERT INTO warehouses (name, location, capacity) VALUES
('Центральный склад', 'Москва, ул. Складская, д. 1', 10000),
('Северный склад', 'Санкт-Петербург, ул. Логистическая, д. 5', 8000),
('Уральский склад', 'Екатеринбург, ул. Складская, д. 10', 6000),
('Сибирский склад', 'Новосибирск, ул. Складская, д. 15', 7000),
('Южный склад', 'Ростов-на-Дону, ул. Складская, д. 20', 5000),
('Дальневосточный склад', 'Владивосток, ул. Складская, д. 25', 4000),
('Приволжский склад', 'Казань, ул. Складская, д. 30', 5500),
('Черноземный склад', 'Воронеж, ул. Складская, д. 35', 4500),
('Северо-Западный склад', 'Калининград, ул. Складская, д. 40', 3500),
('Юго-Западный склад', 'Краснодар, ул. Складская, д. 45', 4800),
('Центрально-Черноземный', 'Белгород, ул. Складская, д. 50', 4200),
('Поволжский склад', 'Самара, ул. Складская, д. 55', 5200),
('Уральский склад 2', 'Челябинск, ул. Складская, д. 60', 5800),
('Сибирский склад 2', 'Красноярск, ул. Складская, d. 65', 6200),
('Дальневосточный склад 2', 'Хабаровск, ул. Складская, д. 70', 3800),
('Северный склад 2', 'Мурманск, ул. Складская, д. 75', 3200),
('Южный склад 2', 'Сочи, ул. Складская, д. 80', 3400),
('Центральный склад 2', 'Тверь, ул. Складская, д. 85', 6700),
('Приволжский склад 2', 'Нижний Новгород, ул. Складская, д. 90', 5900),
('Уральский склад 3', 'Пермь, ул. Складская, д. 95', 5100);

-- Inventory
INSERT INTO inventory (product_id, warehouse_id, quantity) VALUES
(1, 1, 3), (1, 2, 2), (1, 3, 3),
(2, 1, 5), (2, 4, 4), (2, 5, 6),
(3, 2, 4), (3, 6, 3), (3, 7, 5),
(4, 3, 8), (4, 8, 7), (4, 9, 5),
(5, 4, 2), (5, 10, 1), (5, 11, 2),
(6, 5, 3), (6, 12, 2), (6, 13, 2),
(7, 6, 4), (7, 14, 3), (7, 15, 3),
(8, 7, 2), (8, 16, 2), (8, 17, 2),
(9, 8, 3), (9, 18, 3), (9, 19, 3),
(10, 9, 1), (10, 20, 1), (10, 1, 2),
(11, 10, 6), (11, 2, 5), (11, 3, 7),
(12, 11, 1), (12, 4, 1), (12, 5, 1),
(13, 12, 1), (13, 6, 1), (13, 7, 0),
(14, 13, 2), (14, 8, 1), (14, 9, 1),
(15, 14, 3), (15, 10, 2), (15, 11, 3),
(16, 15, 5), (16, 12, 5), (16, 13, 5),
(17, 16, 4), (17, 14, 3), (17, 15, 4),
(18, 17, 2), (18, 16, 2), (18, 17, 3),
(19, 18, 7), (19, 18, 6), (19, 19, 7),
(20, 19, 9), (20, 20, 8), (20, 1, 8),
(21, 20, 10), (21, 2, 10), (21, 3, 10),
(22, 1, 8), (22, 4, 7), (22, 5, 7);